1,Smith,John,john.smith@example.com,7012345678,Male
2,Johnson,Emily,emily.johnson@example.com,7023456789,Female
3,Brown,Michael,michael.brown@example.com,7034567890,Male
4,Davis,Jessica,jessica.davis@example.com,7045678901,Female
5,Miller,Christopher,christopher.miller@example.com,7056789012,Male
6,Wilson,Sarah,sarah.wilson@example.com,7067890123,Female
7,Taylor,David,david.taylor@example.com,7078901234,Male
8,Anderson,Jennifer,jennifer.anderson@example.com,7089012345,Female
9,Thomas,James,james.thomas@example.com,7090123456,Male
10,Jackson,Elizabeth,elizabeth.jackson@example.com,7001234567,Female
11,White,Matthew,matthew.white@example.com,8012345678,Male
12,Harris,Amanda,amanda.harris@example.com,8023456789,Female
13,Martin,Daniel,daniel.martin@example.com,8034567890,Male
14,Thompson,Laura,laura.thompson@example.com,8045678901,Female
15,Garcia,Christopher,christopher.garcia@example.com,8056789012,Male
16,Martinez,Michelle,michelle.martinez@example.com,8067890123,Female
17,Robinson,Robert,robert.robinson@example.com,8078901234,Male
18,Clark,Melissa,melissa.clark@example.com,8089012345,Female
19,Lewis,Daniel,daniel.lewis@example.com,8090123456,Male
20,Walker,Kimberly,kimberly.walker@example.com,8001234567,Female
